{
  "Reptile": {
    "token_acc": 0.8781487485941719,
    "em": 0.38235294117647056
  },
  "Reptile (is20)": {
    "token_acc": 0.874546576072188,
    "em": 0.35294117647058826
  },
  "FOMAML": {
    "token_acc": 0.9103341532104156,
    "em": 0.5661764705882353
  },
  "ANIL": {
    "token_acc": 0.9388382864349029,
    "em": 0.5588235294117647
  },
  "CNP": {
    "token_acc": 0.8862319483476526,
    "em": 0.5294117647058824
  },
  "Matching Nets": {
    "token_acc": 0.9211825750329915,
    "em": 0.6176470588235294
  },
  "ProtoNet": {
    "token_acc": 0.5337947494733859,
    "em": 0.0
  }
}