{
  "1d_recolor_cmp": {
    "mean": 0.8045602549206127,
    "std": 0.13778296963016032,
    "count": 11
  },
  "1d_move_2p_dp": {
    "mean": 0.9758915230631828,
    "std": 0.026033788430739287,
    "count": 8
  },
  "1d_move_1p": {
    "mean": 0.9544127106666564,
    "std": 0.04480094807852839,
    "count": 10
  },
  "1d_flip": {
    "mean": 0.9638114670912424,
    "std": 0.03205556799591115,
    "count": 6
  },
  "1d_mirror": {
    "mean": 0.6740561366081238,
    "std": 0.0783481141948432,
    "count": 5
  },
  "1d_denoising_1c": {
    "mean": 0.9242424314672296,
    "std": 0.06680119131791033,
    "count": 11
  },
  "1d_hollow": {
    "mean": 0.8538995832204819,
    "std": 0.06554370957975617,
    "count": 4
  },
  "1d_pcopy_1c": {
    "mean": 1.0,
    "std": 0.0,
    "count": 4
  },
  "1d_pcopy_mc": {
    "mean": 0.9562026659647623,
    "std": 0.02969049204945084,
    "count": 12
  },
  "1d_recolor_oe": {
    "mean": 0.8317071000734965,
    "std": 0.1409906945718028,
    "count": 6
  },
  "1d_denoising_mc": {
    "mean": 0.9423400892151726,
    "std": 0.05093809621385579,
    "count": 9
  },
  "1d_recolor_cnt": {
    "mean": 0.9848178227742513,
    "std": 0.02185702492361752,
    "count": 6
  },
  "1d_move_3p": {
    "mean": 0.9418199717998504,
    "std": 0.05393169305929821,
    "count": 10
  },
  "1d_fill": {
    "mean": 0.7685235937436422,
    "std": 0.20732341480239164,
    "count": 9
  },
  "1d_padded_fill": {
    "mean": 0.6907201160987219,
    "std": 0.23057617324847654,
    "count": 6
  },
  "1d_scale_dp": {
    "mean": 0.7904444515705109,
    "std": 0.19038570760926699,
    "count": 5
  },
  "1d_move_2p": {
    "mean": 0.9831691299165998,
    "std": 0.029642044792929752,
    "count": 7
  },
  "1d_move_dp": {
    "mean": 0.8679591843060085,
    "std": 0.15169503761878686,
    "count": 7
  }
}